Title,Course,Description
CS 100,"Computer Science Orientation","Introduction to Computer Science as a field and career for incoming first year and external transfer students in the computer science majors. Overview of the field and specific examples of problem areas and methods of solution."
CS 101,"Intro Computing: Engrg & Sci","Fundamental principles, concepts, and methods of computing, with emphasis on applications in the physical sciences and engineering. Basic problem solving and programming techniques; fundamental algorithms and data structures; use of computers in solving engineering and scientific problems. Intended for engineering and science majors. Prerequisite: One of MATH 220 or MATH 221 or MATH 231 or MATH 241. This course satisfies the General Education Criteria for:Quantitative Reasoning II"
CS 102,"Little Bits to Big Ideas","Broad introduction to the nature, capabilities, and limitations of computing. Topics range from the way data is represented and stored, to the way today's computers work, to the general ideas of algorithms and computational efficiency, to the future of computing. Covers 'Great Ideas' across various areas of the field, including, for example, cryptography and internet security, problem solving, modeling and simulation, and artificial intelligence. Same as CS 102."
CS 105,"Intro Computing: Non-Tech","Computing as an essential tool of academic and professional activities. Functions and interrelationships of computer system components: hardware, systems and applications software, and networks. Widely used application packages such as spreadsheets and databases. Concepts and practice of programming for the solution of simple problems in different application areas. Intended for non-science and non-engineering majors. Prerequisite: MATH 112. This course satisfies the General Education Criteria for:Quantitative Reasoning I"
CS 107,"Data Science Discovery","Data Science Discovery is the intersection of statistics, computation, and real-world relevance. As a project-driven course, students perform hands-on-analysis of real-world datasets to analyze and discover the impact of the data. Throughout each experience, students reflect on the social issues surrounding data analysis such as privacy and design. Same as CS 107 and IS 107.This course satisfies the General Education Criteria for:Quantitative Reasoning I"
CS 124,"Introduction to Computer Science I","Basic concepts in computing and fundamental techniques for solving computational problems. Intended as a first course for computer science majors and others with a deep interest in computing. Credit is not given for both CS 124 and CS 125. Prerequisite: Three years of high school mathematics or MATH 112.This course satisfies the General Education Criteria for:Quantitative Reasoning I"
CS 125,"Introduction to Computer Science","Basic concepts in computing and fundamental techniques for solving computational problems. Intended as a first course for computer science majors and others with a deep interest in computing. Credit is not given for both CS 125 and CS 124. Prerequisite: Three years of high school mathematics or MATH 112. This course satisfies the General Education Criteria for:Quantitative Reasoning I"
CS 126,"Software Design Studio","Fundamental principles and techniques of software development. Design, documentation, testing, and debugging software, with a significant emphasis on code review. Credit is not given for both CS 242 and CS 126. Prerequisite: CS 125. For majors only."
CS 128,"Introduction to Computer Science II","Continuation of CS 124. More advanced concepts in computing and techniques and approaches for solving computational problems. Prerequisite: CS 124 or CS 125.This course satisfies the General Education Criteria for:Quantitative Reasoning II"
CS 173,"Discrete Structures","Discrete mathematical structures frequently encountered in the study of Computer Science. Sets, propositions, Boolean algebra, induction, recursion, relations, functions, and graphs. Credit is not given for both CS 173 and MATH 213. Prerequisite: One of CS 124, CS 125, ECE 220; one of MATH 220, MATH 221."
CS 196,"First-Year Student Honors","Offered for honors credit in conjunction with other 100-level computer science courses taken concurrently. A special examination may be required for admission to this course. May be repeated if topics vary, for a maximum of 2 hours in the same semester and a maximum of 3 hours total. Prerequisite: Concurrent registration in another 100-level computer science course (see Schedule)."
CS 199,"Undergraduate Open Seminar in Computer Science","Topics vary. Approved for Letter and S/U grading. May be repeated."
CS 210,"Ethical & Professional Issues","Ethics for the computing profession. Ethical decision-making; licensing; intellectual property, freedom of information, and privacy. Credit is not given for both CS 210 and either CS 211 or ECE 316. Prerequisite: CS 225. Junior standing required."
CS 211,"Ethical and Professional Conduct","Navigating the complex ethical and professional landscape of the computing professional: privacy, intellectual property, cybersecurity, and freedom of speech. Hands-on exercises, assignments, and discussions in which students analyze current events from perspectives in both philosophical and professional ethics. Writing professionally and technically in several writing assignments requiring peer review, workshops, and multiple rounds of editing and revising. Credit is not given for both CS 211 and CS 210 or ECE 316. Prerequisite: CS 225.This course satisfies the General Education Criteria for:Advanced Composition"
CS 222,"Software Design Lab","Design and implementation of novel software solutions. Problem identification and definition; idea generation and evaluation; and software implementation, testing, and deployment. Emphasizes software development best practices including framework selection, code review, documentation, appropriate library usage, project management, continuous integration and testing, and teamwork. Prerequisite: CS 128; credit or concurrent registration in CS 225. Restricted to majors in Computer Science undergraduate curricula only."
CS 225,"Data Structures","Data abstractions: elementary data structures (lists, stacks, queues, and trees) and their implementation using an object-oriented programming language. Solutions to a variety of computational problems such as search on graphs and trees. Elementary analysis of algorithms. Credit is not given for CS 277 if credit for CS 225 has been earned. Prerequisite: CS 126 or CS 128 or ECE 220; One of CS 173, CS 413, MATH 213, MATH 347, MATH 412, or MATH 413. This course satisfies the General Education Criteria for:Quantitative Reasoning II"
CS 233,"Computer Architecture","Fundamentals of computer architecture: digital logic design, working up from the logic gate level to understand the function of a simple computer; machine-level programming to understand implementation of high-level languages; performance models of modern computer architectures to enable performance optimization of software; hardware primitives for parallelism and security. Prerequisite: CS 125 or CS 128; CS 173 or MATH 213; credit or concurrent enrollment in CS 225."
CS 242,"Programming Studio","Intensive programming lab intended to strengthen skills in programming. Prerequisite: CS 241."
CS 265,"Innovation Illinois: From Accessible Design to Supercomputing Cultures","Innovation Illinois introduces the histories of UIUC interdisciplinary innovations that brought together students and researchers in engineering, humanities, sciences and the arts. We will explore how local histories of Illinois innovations help us understand today s innovation trends and processes, from the growth of new design centers on university campuses to contemporary accessibility design, online education, and electronic music. As part of a final research project, students will be introduced to the basics of video editing and will team produce a short-form video using various primary sources. Same as CS 265 and IS 265."
CS 277,"Algorithms and Data Structures for Data Science","Introduction to elementary concepts in algorithms and classical data structures with a focus on their applications in Data Science. Topics include algorithm analysis (ex: Big-O notation), elementary data structures (ex: lists, stacks, queues, trees, and graphs), basics of discrete algorithm design principles (ex: greedy, divide and conquer, dynamic programming), and discussion of discrete and continuous optimization. Credit is not given for CS 277 if credit for CS 225 is earned. Prerequisite: STAT 207; one of MATH 220, MATH 221, MATH 234. CS 277 cannot be taken concurrently with CS 225."
CS 296,"Honors Course","Group projects for honors credit in computer science. Sections of this course are offered in conjunction with other 200-level computer science courses taken concurrently. A special examination may be required for admission to this course. May be repeated. Prerequisite: Concurrent registration in another 200-level computer science course (see Schedule)."
CS 307,"Modeling and Learning in Data Science","Introduction to the use of classical approaches in data modeling and machine learning in the context of solving data-centric problems. A broad coverage of fundamental models is presented, including linear models, unsupervised learning, supervised learning, and deep learning. A significant emphasis is placed on the application of the models in Python and the interpretability of the results. Prerequisite: STAT 207; one of MATH 225, MATH 227, MATH 257, MATH 415, MATH 416, ASRM 406."
CS 340,"Introduction to Computer Systems","Basics of computer systems. Number representations, assembly/machine language, abstract models of processors (fetch/execute, memory hierarchy), processes/process control, simple memory management, file I/O and directories, network programming, usage of cloud services. Credit is not given for both CS 340 and CS 240. Prerequisite: CS 225."
CS 341,"System Programming","Basics of system programming, including POSIX processes, process control, inter-process communication, synchronization, signals, simple memory management, file I/O and directories, shell programming, socket network programming, RPC programming in distributed systems, basic security mechanisms, and standard tools for systems programming such as debugging tools. Credit is not given for both CS 341 and either CS 241 or ECE 391. Prerequisite: CS 225 and CS 233."
CS 357,"Numerical Methods I","Fundamentals of numerical methods for students in science and engineering; floating-point computation, systems of linear equations, approximation of functions and integrals, the single nonlinear equation, and the numerical solution of ordinary differential equations; various applications in science and engineering; programming exercises and use of high quality mathematical library routines. Same as MATH 357. Credit is not given towards graduation for CS 357 if credit for CS 450 has been earned. (Counts for advanced hours in LAS). Prerequisite: One of CS 101, CS 105, CS 124, CS 125 or ECE 220; MATH 241; one of MATH 225, MATH 257, MATH 415, MATH 416, ASRM 406 or BIOE 210."
CS 361,"Probability & Statistics for Computer Science","Introduction to probability theory and statistics with applications to computer science. Topics include: visualizing datasets, summarizing data, basic descriptive statistics, conditional probability, independence, Bayes theorem, random variables, joint and conditional distributions, expectation, variance and covariance, central limit theorem. Markov inequality, Chebyshev inequality, law of large numbers, Markov chains, simulation, the PageRank algorithm, populations and sampling, sample mean, standard error, maximum likelihood estimation, Bayes estimation, hypothesis testing, confidence intervals, linear regression, principal component analysis, classification, and decision trees. Same as STAT 361. Credit is not given for both CS 361 and ECE 313. Prerequisite: MATH 220 or MATH 221; credit or concurrent registration in one of MATH 225, MATH 257, MATH 415, MATH 416 or ASRM 406. For majors only."
CS 374,"Introduction to Algorithms & Models of Computation","Analysis of algorithms, major paradigms of algorithm design including recursive algorithms, divide-and-conquer algorithms, dynamic programming, greedy algorithms, and graph algorithms. Formal models of computation including finite automata and Turing machines. Limitations of computation arising from fundamental notions of algorithm and from complexity-theoretic constraints. Reductions, undecidability and NP-completeness. Same as ECE 374. Prerequisite: One of CS 173, MATH 213; CS 225."
CS 397,"Individual Study","May be repeated. Prerequisite: Consent of instructor."
CS 398,"Special Topics","Subject offerings of new and developing areas of knowledge in computer science intended to augment the existing curriculum. See Class Schedule or departmental course information for topics and prerequisites. May be repeated in the same or separate terms if topics vary."
CS 400,"Accelerated Fundamentals of Computing I","The first class in a sequence of two classes that introduces students to the basic concepts in computing with an emphasis on the fundamental techniques for solving computational problems. Topics include: core programming concepts (variables, data types, conditional expressions, loops, functions), basic data structures, searching and sorting algorithms, and data exploration and visualization. No prior programming experience is required. No undergraduate credit.  Prerequisite: Current enrollment in the Illinois Computing Accelerator for Non-specialists (iCAN) program or consent of instructor. Restricted to post-baccalaureate students with a non-computing background."
CS 401,"Accelerated Fundamentals of Algorithms I","The first class in a sequence of two classes that introduces students to the theoretical foundations of computer science. Topics include counting, sets, functions, decision trees, recursion, binary numbers, basic graph theory, depth first search and breadth first search, algorithms for computing shortest paths, data structures like stacks and queues, big O notation and asymptotic analysis, complexity classes like P and NP, and reductions. No undergraduate credit.  Prerequisite: Current enrollment in the Illinois Computing Accelerator for Non-specialists (iCAN) program or consent of instructor. Restricted to post- baccalaureate students with a non-computing background."
CS 402,"Accelerated Fundamentals of Computing II","Provides an accelerated introduction to class-based program design and the design of abstractions that support the design of reusable software and libraries. It reviews typical object-oriented concepts such as information hiding, encapsulation, polymorphism, inheritance, composition, and common design patterns. The course will also covers exception handling, database programming, and concurrent programming. No undergraduate credit.  Prerequisite: CS 400 or consent of instructor. Current enrollment in the Illinois Computing Accelerator for Non-specialists (iCAN) program or consent of instructor. Restricted to post-baccalaureate students with a non-computing background."
CS 403,"Accelerated Fundamentals of Algorithms II","The second class in a sequence of two classes that introduces students to the theoretical foundations of computer science. Topics include major paradigms of algorithm design divide and conquer, greedy, recursive, and dynamic programming; solving recurrences and analysis of divide and conquer algorithms; graph algorithms; formal models of computations like finite state automata and Turing machines; reductions. No undergraduate credit.  Prerequisite: CS 401 or consent of instructor. Current enrollment in the Illinois Computing Accelerator for Non-specialists (iCAN) program or consent of instructor. Restricted to post-baccalaureate students with a non-computing background."
CS 407,"Cryptography","Cryptography is a powerful toolbox for building secure systems --- not just for private communication, but also for building fault tolerant protocols, for securely outsourcing computation to untrusted services, and more. The goal of this course is to introduce the concepts of modern cryptography, including a combination of theoretical foundations (how do we precisely state security guarantees and assumptions, and prove that a protocol is designed correctly?) and practical techniques (how do we combine secure primitives to make effective systems?). This course is intended for senior undergraduate students with an interest in applying cryptographic techniques to building secure systems, and for graduate students with an interest in cryptography or systems security. Same as CS 407. 3 or 4 undergraduate hours. 3 or 4 graduate hours. Prerequisite: CS 225."
CS 409,"The Art of Web Programming","Client- and server-side technologies that enable modern Web applications. Topics include the building blocks of the Web (browsers, HTML, CSS, JavaScript) and data exchange (HTTP, AJAX, JSON, REST). Assignments expose students to full-stack web development, and JavaScript frameworks that scaffold MVC architectures and event-driven, asynchronous programming. The course culminates in a final project, where students work in teams to design and develop an original, database-backed web application. 3 undergraduate hours. 3 or 4 graduate hours. Prerequisite: CS 225."
CS 410,"Text Information Systems","Theory, design, and implementation of text-based information systems. Text analysis, retrieval models (e.g., Boolean, vector space, probabilistic), text categorization, text filtering, clustering, retrieval system design and implementation, and applications to web information management. 3 undergraduate hours. 3 or 4 graduate hours. Prerequisite: CS 225."
CS 411,"Database Systems","Examination of the logical organization of databases: the entity-relationship model; the hierarchical, network, and relational data models and their languages. Functional dependencies and normal forms. Design, implementation, and optimization of query languages; security and integrity; concurrency control, and distributed database systems. 3 undergraduate hours. 3 or 4 graduate hours. Prerequisite: CS 225."
CS 412,"Introduction to Data Mining","Concepts, techniques, and systems of data warehousing and data mining. Design and implementation of data warehouse and on-line analytical processing (OLAP) systems; data mining concepts, methods, systems, implementations, and applications. 3 undergraduate hours. 3 or 4 graduate hours. Prerequisite: CS 225."
CS 413,"Intro to Combinatorics","Permutations and combinations, generating functions, recurrence relations, inclusion and exclusion, Polya's theory of counting, and block designs. Same as CS 413. 3 undergraduate hours. 3 or 4 graduate hours. 4 hours of credit requires approval of the instructor and completion of additional work of substance. Prerequisite: MATH 347 or MATH 348 or equivalent experience."
CS 414,"Multimedia Systems","Organization and structure of modern multimedia systems; audio and video encoding; quality of service concepts; scheduling algorithms for multimedia within OS and networks multimedia protocols over high-speed networks; synchronization schemes, user-interface design; multimedia teleservices. 3 undergraduate hours. 3 or 4 graduate hours. Prerequisite: One of CS 240, CS 241, CS 340, CS 341 or ECE 391."
CS 415,"Game Development","A team and project-based course on the technical aspects of video game development and game engine internals: geometric modeling, game physics and AI, shader programming, real-time physically based rendering, and software engineering practices within the game industry. The central focus of the course is the development of a game by teams of 3 to 5 students. The course strongly emphasizes code development using a modern game engine. Students will gain skills necessary to develop games and to develop game engines. 3 undergraduate hours. 4 graduate hours. Prerequisite: CS 225."
CS 416,"Data Visualization","Elements of databases, computer graphics and perceptual psychology combined to utilize the human visual system to improve user understanding of large datasets. Topics include appropriate and effective selection and construction of charts, organization of dashboards, and design for user engagement and interaction. 3 undergraduate hours. 4 graduate hours. Prerequisite: CS 225."
CS 417,"Virtual Reality","Provides both a deep understanding of the fundamentals of virtual reality (VR) and practical experience implementing VR systems. Topics covered include visual and audio display technology, tracking, human perception and psychophysics, building user interfaces for VR, and analyzing VR experiences. 3 undergraduate hours. 4 graduate hours. Prerequisite: CS 225."
CS 418,"Interactive Computer Graphics","Basic mathematical tools and computational techniques for modeling, rendering, and animating 3-D scenes. Same as CSE 427. 3 undergraduate hours. 3 or 4 graduate hours. Prerequisite: CS 225; One of MATH 225, MATH 257, MATH 415, MATH 416, ASRM 406, or BIOE 210; MATH 241."
CS 419,"Production Computer Graphics","Advanced methods for representing, displaying, and rendering two-, three-, and four-dimensional scenes. General algebraic curves and surfaces, splines, Gaussian and bump-function representation, fractals, particle systems, constructive solid geometry methods, lighting models, radiosity, advanced ray-tracing methods, surface texturing animation techniques, data visualization methods. 3 undergraduate hours. 3 or 4 graduate hours. Prerequisite: CS 418 or CSE 427."
CS 420,"Parallel Progrmg: Sci & Engrg","Fundamental issues in design and development of parallel programs for various types of parallel computers. Various programming models according to both machine type and application area. Cost models, debugging, and performance evaluation of parallel programs with actual application examples. Same as CSE 402 and ECE 492. 3 undergraduate hours. 3 or 4 graduate hours. Prerequisite: CS 225."
CS 421,"Programming Languages & Compilers","Structure of programming languages and their implementation. Basic language design principles; abstract data types; functional languages; type systems; object-oriented languages. Basics of lexing, parsing, syntax-directed translation, semantic analysis, and code generation. 3 undergraduate hours. 3 or 4 graduate hours. Prerequisite: One of CS 233, CS 240 or CS 340; CS 374 or ECE 374; one of MATH 225, MATH 257, MATH 415, MATH 416, ASRM 406, BIOE 210."
CS 422,"Programming Language Design","Exploration of major language design paradigms using imperative and functional programming as unifying themes. Tools include both practical language processor construction and theoretical models. 3 undergraduate hours. 3 or 4 graduate hours. Prerequisite: CS 421."
CS 423,"Operating Systems Design","Organization and structure of modern operating systems and concurrent programming concepts. Deadlock, virtual memory, processor scheduling, and disk systems. Performance, security, and protection. Same as CSE 423. 3 undergraduate hours. 3 or 4 graduate hours. Prerequisite: One of CS 241, CS 341, or ECE 391."
CS 424,"Real-Time Systems","Supervisory control aspects of Cyber Physical Systems (CPS): fundamentals of reliability analysis, real-time scheduling, simple feedback control, software fault tolerance architecture, wireless networking and energy saving, principles of safety critical system engineering. Student groups design and demonstrate supervisory control architecture for a robot. 3 undergraduate hours. 3 or 4 graduate hours. Prerequisite: One of CS 241, CS 341 or ECE 391."
CS 425,"Distributed Systems","Protocols, specification techniques, global states and their determination, reliable broadcast, transactions and commitment, security, and real-time systems. Same as ECE 428. 3 or 4 undergraduate hours. 3 or 4 graduate hours. Prerequisite: Credit or concurrent enrollment in one of CS 240, CS 241, CS 340, CS 341 or ECE 391."
CS 426,"Compiler Construction","Compiler structure, syntax analysis, syntax-directed translation, automatically constructed recognizers, semantic analysis, code generation, intermediate language, optimization techniques. 3 undergraduate hours. 3 or 4 graduate hours. Prerequisite: Credit or concurrent enrollment in CS 421."
CS 427,"Software Engineering I","Software process, analysis and design. Software development paradigms, system engineering, function-based analysis and design, and object-oriented analysis and design. Course will use team-projects for hands-on exercises. Same as CSE 426. 3 undergraduate hours. 3 or 4 graduate hours. Prerequisite: One of CS 222, CS 240, CS 241, CS 340, CS 341 or ECE 391."
CS 428,"Software Engineering II","Continuation of CS 427. Software development, management, and maintenance. Project and configuration management, collaborative development models, software quality assurance, interoperability domain engineering and software reuse, and software re-engineering. Same as CSE 429. 3 undergraduate hours. 3 or 4 graduate hours. Prerequisite: CS 427 or CSE 426."
CS 429,"Software Engineering II, ACP","Continuation of CS 427. Identical to CS 428 except for the additional writing component. See CS 428. 3 undergraduate hours. 3 graduate hours. Prerequisite: CS 427 or CSE 426.This course satisfies the General Education Criteria for:Advanced Composition"
CS 431,"Embedded Systems","A survey of sampled data systems and embedded architecture; key concepts in common embedded system applications; signal processing and control; embedded microprocessor and device interface; time-critical I/O handling; data communications; real-time operating systems and techniques for the development and analysis of embedded real-time software; hands-on laboratory projects. 3 undergraduate hours. 3 or 4 graduate hours. Prerequisite: One of CS 241, CS 341 or ECE 391. Students must register for one lab and one lecture section."
CS 433,"Computer System Organization","Computer hardware design and analysis and interface with software. Advanced processor design, including superscalar, out-of-order issue, branch prediction, and speculation. Memory hierarchy design, including advanced cache optimizations, main memory, and virtual memory. Principles of multiprocessor design, including shared-memory, cache coherence, synchronization, and consistency. Other advanced topics depending on time; e.g., GPUs and accelerators, warehouse computers and data centers, security. Same as CSE 422. 3 undergraduate hours. 4 graduate hours. Prerequisite: CS 233."
CS 434,"Mobile Computing & Application","Introduction to cross-disciplinary ideas and techniques in mobile computing, with an emphasis on how they can be composed to build systems and applications on smartphones, tablets, and wearable devices. Topics of interest include smartphone sensing, energy efficiency, indoor localization, augmented reality, context-awareness, gesture recognition, and data analytics. Various techniques and methods utilized to combine them into functional systems, propose a new system, define the underlying problems, and solve them end to end. Same as CS 434. 3 undergraduate hours. 4 graduate hours. Prerequisite: ECE 391, CS 241, CS 341 or ECE 310."
CS 435,"Cloud Networking","Provides a foundational view of computer networks with a focus on enabling modern large-scale cloud computing. The first part of this course studies the principles upon which the Internet and other networks are built, and how those principles translate into deployed protocols. The second part covers how those principles are applied in network infrastructure for modern clouds, enabling deployment of virtual networks on shared infrastructure, efficient transfer of big data and low latency communication, and federation of applications across countries and continents. 3 undergraduate hours. 4 graduate hours. Credit is not given for both CS 435 and CS 438/ECE 438. Prerequisite: One of CS 240, CS 241, CS 340, CS 341 or ECE 391."
CS 436,"Computer Networking Laboratory","Design, application, analysis, and deployment of communication protocols and system software behind modern cloud/compute/network infrastructures. Students learn the internals of modern system infrastructures, including operating system networking kernels, cloud application service code, and firewall and router configuration. Students will gain experience with widely-used and production-grade code and systems, such as Cisco IOS, the Linux networking stack, and Amazon Web Services. This class links theory with practice to prepare students to confidently carry out tasks they will commonly encounter in industry, such as building an enterprise network, deploying a large-scale cloud service, or implementing a new network protocol. Same as ECE 435. 3 undergraduate hours. 3 or 4 graduate hours. Prerequisite: One of CS 240, CS 241, CS 340, CS 341 or ECE 391."
CS 437,"Topics in Internet of Things","Topics of networked embedded computing technology, known as the Internet of Things, in application, distributed, human-centric, or social contexts. The tight coupling between people, networking protocols, computing elements, and physical things in IoT systems presents unique challenges for data collection, processing in constrained computation and communication environments. Introduces general principles of IoT systems and protocol, offers broad foundations for IoT services, and allows specialization to pursue an in-depth understanding of selected IoT aspects or subtopics. 3 undergraduate hours. 4 graduate hours. May be repeated if topics vary. Credit towards a degree from multiple offerings of this course is not given if those offerings have significant overlap, as determined by the CS department. Prerequisite: CS 241 or CS 341. Additional prerequisites may be specified each term. See section information."
CS 438,"Communication Networks","Layered architectures and the OSI Reference Model; design issues and protocols in the transport, network, and data link layers; architectures and control algorithms of local-area, point-to-point, and satellite networks; standards in networks access protocols; models of network interconnection; overview of networking and communication software. Same as ECE 438. 3 undergraduate hours. 3 or 4 graduate hours. Prerequisite: One of CS 241, CS 341 or ECE 391; strongly recommend one of CS 361, STAT 361, ECE 313, MATH 362, MATH 461, MATH 463 or STAT 400."
CS 439,"Wireless Networks","Overview of wireless network architectures including cellular networks, local area networks, multi-hop wireless networks such as ad hoc networks, mesh networks, and sensor networks; capacity of wireless networks; medium access control, routing protocols, and transport protocols for wireless networks; mechanisms to improve performance and security in wireless networks; energy-efficient protocols for sensor networks. Same as CS 439. 3 undergraduate hours. 3 or 4 graduate hours. Prerequisite: ECE 391; CS 241 or CS 341; one of MATH 461, MATH 463, ECE 313."
CS 440,"Artificial Intelligence","Major topics in and directions of research in artificial intelligence: basic problem solving techniques, knowledge representation and computer inference, machine learning, natural language understanding, computer vision, robotics, and societal impacts. Same as ECE 448. 3 undergraduate hours. 3 or 4 graduate hours. Prerequisite: CS 225; one of CS 361, STAT 361, ECE 313, MATH 362, MATH 461, MATH 463, STAT 400 or BIOE 310."
CS 441,"Applied Machine Learning","Techniques of machine learning to various signal problems: regression, including linear regression, multiple regression, regression forest and nearest neighbors regression; classification with various methods, including logistic regression, support vector machines, nearest neighbors, simple boosting and decision forests; clustering with various methods, including basic agglomerative clustering and k-means; resampling methods, including cross-validation and the bootstrap; model selection methods, including AIC, stepwise selection and the lasso; hidden Markov models; model estimation in the presence of missing variables; and neural networks, including deep networks. The course will focus on tool-oriented and problem-oriented exposition. Application areas include computer vision, natural language, interpreting accelerometer data, and understanding audio data. 3 undergraduate hours. 3 or 4 graduate hours. Prerequisite: CS 225 and CS 361."
CS 442,"Trustworthy Machine Learning","Prepares students to understand the security and privacy problems in machine learning and educates students to propose different attack strategies to identify the vulnerabilities of a range of learning algorithms and understand different defense approaches towards trustworthy machine learning systems. Students will explore topics including basic machine learning foundations (e.g., linear regression and PCA), adversarial attacks against different learning algorithms, differential privacy, data valuation, and different categories of defenses. The lessons are reinforced via a series of topic-driven lectures, coding assignments, related paper readings, exams and in-class discussions. Students will learn to analyze current interactions between attackers and defenders on machine learning and therefore develop an understanding of the principles on trustworthy machine learning which is an emerging and important topic. Students will be required to finish three related homework projects, including 1) developing a machine learning classifier, 2) designing adversarial attacks against the built classifier, and 3) developing defenses to improve the robustness of the trained classifier against designed attacks. Students registered for 4 credit hours will also finish a final project based on the class topics, demonstrating their ability to propose related new algorithms based on the class subjects. 3 undergraduate hours. 4 graduate hours. Prerequisite: CS 225; one of CS 440, ECE 448, CS 441, CS 446 or ECE 449; one of MATH 225, MATH 257, MATH 415, MATH 416, ASRM 406 or BIOE 210."
CS 443,"Reinforcement Learning","Fundamental concepts and basic algorithms in Reinforcement Learning (RL) - a machine learning paradigm for sequential decision-making. The goal of this course is to enable students to (1) understand the mathematical framework of RL, (2) tell what problems can be solved with RL, and how to cast these problems into the RL formulation, (3) understand why and how RL algorithms are designed to work, and (4) know how to experimentally and mathematically evaluate the effectiveness of an RL algorithm. There will be both programming and written assignments. 3 undergraduate hours. 4 graduate hours. Prerequisite: CS 225; MATH 241; one of MATH 225, MATH 257, MATH 415, MATH 416, ASRM 406 or BIOE 210; one of CS 361, STAT 361, ECE 313, MATH 362, MATH 461, MATH 463 or STAT 400."
CS 444,"Deep Learning for Computer Vision","Provides an elementary hands-on introduction to neural networks and deep learning with an emphasis on computer vision applications. Topics include: linear classifiers; multi-layer neural networks; back-propagation and stochastic gradient descent; convolutional neural networks and their applications to object detection and dense image labeling; recurrent neural networks and state-of-the-art sequence models like transformers; generative adversarial networks and variational autoencoders for image generation; and deep reinforcement learning. Coursework will consist of programming assignments in a common deep learning framework. Those registered for 4 credit hours will have to complete a project. 3 undergraduate hours. 4 graduate hours. Prerequisite: MATH 241; one of MATH 225, MATH 257, MATH 415, MATH 416, ASRM 406, or BIOE 210; CS 225 or equivalent; one of CS 361, ECE 313, MATH 461 or STAT 400. No previous exposure to machine learning is required."
CS 445,"Computational Photography","Computer vision techniques to enhance, manipulate, and create media from photo collections, such as panoramic stitching, face morphing, texture synthesis, blending, and 3D reconstruction. 3 undergraduate hours. 3 or 4 graduate hours. Prerequisite: CS 225, MATH 225, and MATH 231."
CS 446,"Machine Learning","Principles and applications of machine learning. Main paradigms and techniques, including discriminative and generative methods, reinforcement learning: linear regression, logistic regression, support vector machines, deep nets, structured methods, dimensionality reduction, k-means, Gaussian mixtures, expectation maximization, Markov decision processes, and Q-learning. Application areas such as natural language and text understanding, speech recognition, computer vision, data mining, and adaptive computer systems, among others. Same as ECE 449. 3 undergraduate hours. 3 or 4 graduate hours. Prerequisite: CS 225; One of MATH 225, MATH 257, MATH 415, MATH 416, ASRM 406 or BIOE 210; One of CS 361, ECE 313, MATH 461 or STAT 400."
CS 447,"Natural Language Processing","Part-of-speech tagging, parsing, semantic analysis and machine translation. Relevant linguistics concepts from morphology (word formation) and lexical semantics (the meaning of words) to syntax (sentence structure) and compositional semantics (the meaning of sentences). 3 undergraduate hours. 3 or 4 graduate hours. Credit is not given for both CS 447 and LING 406. Prerequisite: CS 374."
CS 448,"Audio Computing Laboratory","Computational foundations of modern audio applications: theory of audio processing for implementation of applications such as room and 3D/virtual audio rendering, pitch manipulations and autotuning, denoising for communications and forensics, audio classification, music information retrieval based on audio, rudimentary speech recognition, speech and audio coding, applications of machine learning to audio scene recognition, audio restoration, missing data recovery, and many more. This will be a lab-like course in which students collectively implement a variety of core audio operations that are commonplace today. Students will be required to bring to class their laptops and headphones to participate in lab exercises. 3 undergraduate hours. 3 or 4 graduate hours. Prerequisite: One of CS 241, CS 341, or ECE 391; one of MATH 225, MATH 257, MATH 415, MATH 416, ASRM 406, or BIOE 210."
CS 450,"Numerical Analysis","Linear system solvers, optimization techniques, interpolation and approximation of functions, solving systems of nonlinear equations, eigenvalue problems, least squares, and quadrature; numerical handling of ordinary and partial differential equations. Same as CSE 401, ECE 491, and MATH 450. 3 undergraduate hours. 3 or 4 graduate hours. Credit is not given toward graduation for both CS 450 and CS 457. Prerequisite: One of CS 101, CS 124 or CS 125; one of CS 357, MATH 257, MATH 357, MATH 415, or MATH 416; MATH 285."
CS 457,"Numerical Methods II","Continuation of CS 357. Orthogonalization methods for least squares, Krylov subspace methods, non-linear equations and optimization in multiple dimensions, initial and boundary value problems for ordinary and partial differential equations.  No graduate credit. Credit is not given toward graduation for both CS 457 and CS 450. Prerequisite: CS 357 or MATH 357."
CS 460,"Security Laboratory","Operating systems security: access control, least privilege mechanism and malware techniques. Network security: firewalls, sniffing, tunnels, intrusion detection, AAA and worm structure. System security: forensics security architectures, and attack/defend exercises. Complements CS 461 via hands-on project. Same as ECE 419. 3 undergraduate hours. 3 or 4 graduate hours. Prerequisite: CS 461 or ECE 422."
CS 461,"Computer Security I","Fundamental principles of computer and communications security and information assurance: ethics, privacy, notions of threat, vulnerabilities, and risk in systems, information warfare, malicious software, data secrecy and integrity issues, network security, trusted computing, mandatory and discretionary access controls, certification and accreditation of systems against security standards. Security mechanisms: authentication, auditing, intrusion detection, access control, cryptography, security protocols, key distribution. Same as ECE 422. 4 undergraduate hours. 4 graduate hours. Prerequisite: One of CS 241, CS 341, or ECE 391."
CS 463,"Computer Security II","Program security, trusted base, privacy, anonymity, non-interference, information flow, confinement, advanced auditing, forensics, intrusion detection, key management and distribution, policy composition and analysis, formal approaches to specification and verification of secure systems and protocols, and topics in applied cryptography. Same as ECE 424. 3 undergraduate hours. 3 or 4 graduate hours. Prerequisite: CS 461. Recommended: CS 475."
CS 464,"Topics in Societal and Ethical Impacts of Computer Technology","Topics selected from key current areas of impact of computer technology on aspects of society and ethics such as: freedom versus the rule of law in cyberspace; social discourse; privacy; livelihoods and automation; fairness; security; political change; business models; technology divide.  No graduate credit. May be repeated if topics vary. Credit is not given towards a degree from multiple offerings of this course, if those offerings have significant overlap, as determined by the CS department. Prerequisite: CS 225. One of CS 210 or CS 211 or ECE 316 or PHIL 316. One of CS 361 or STAT 400 or STAT 200. Restricted to students with senior standing."
CS 465,"User Interface Design","A project-focused course covering fundamental principles of user interface design, implementation, and evaluation. Small teams work on a term-long project that involves: analysis of the problem domain, user skills, and tasks; iterative prototyping of interfaces to address user needs; conducting several forms of evaluation such as cognitive walkthroughs and usability tests; implementation of the final prototype. Non-technical majors may enroll as non-programmers who participate in all aspects of the projects with the possible exception of implementation. 4 undergraduate hours. 4 graduate hours. Prerequisite: CS 225."
CS 466,"Introduction to Bioinformatics","Algorithmic approaches in bioinformatics: (i) biological problems that can be solved computationally (e.g., discovering genes, and interactions among different genes and proteins); (ii) algorithmic techniques with wide applicability in solving these problems (e.g., dynamic programming and probabilistic methods); (iii) practical issues in translating the basic algorithmic ideas into accurate and efficient tools that biologists may use. 3 undergraduate hours. 3 or 4 graduate hours. Prerequisite: CS 225."
CS 467,"Social Visualization","Visualizing social interaction in networked spaces: investigation of patterns in networked communications systems such as messaging (email, instant messaging), social networking sites and collaborative sites; social network theory and visualizations; exploration of how to move beyond existing visualization techniques; visualizing the network identity over compilations of online data. 3 undergraduate hours. 3 or 4 graduate hours. Prerequisite: CS 225."
CS 468,"Tech and Advertising Campaigns","With the maturation of the internet as an advertising and media channel, advertising, journalism, and communications students need to know more about technology and how that impacts their messages and designs. Likewise, computer scientists could benefit from knowledge of what the end user is looking for when designing web content, applications and other web-based media. Students in this course will gain design knowledge as well as a hands-on experience in completing a technology-driven advertising campaign. Students will participate in engineering, advertising and project management activities with individual as well as team responsibilities. Same as CS 468.  No graduate credit. Credit is not given for ADV 492 and ADV 498. Prerequisite: CS 225 or consent of instructors. Junior or senior standing in Advertising or Computer Science."
CS 469,"Computational Advertising Infrastructure","Thorough coverage of technologies including web-search, auctions, behavioral targeting, mechanisms for viral marketing, that underpin the display of advertisements on a variety of locations (e.g., ads on search engines; display ads). Students shall also learn about emerging areas in computational advertising including location-based adverting and algorithmic synthesis of personalized advertisements. Discussion around privacy will be a significant focus of the class. Same as ADV 462. 3 undergraduate hours. 3 or 4 graduate hours. Prerequisite: CS 173; CS 225; one of MATH 225, MATH 257, MATH 415, MATH 416, ASRM 406 or BIOE 210; one of CS 361, STAT 361, ECE 313, MATH 362, MATH 461, MATH 463 or STAT 400."
CS 470,"Social and Information Networks","Social networks, auctions, and stock-markets appear to be very different phenomena, but they share a common foundation the science of networks. The learning goal: to provide a broad, accessible introduction to the foundations of network science. We shall draw on ideas from mathematical sociology, and from game theory to understand strategic interaction over networks. We shall develop algorithms to identify network properties, and models for explaining network dynamics, including viral behavior. 3 undergraduate hours. 4 graduate hours. Prerequisite: CS 225; CS 173; one of CS 361, STAT 361, ECE 313, MATH 362, MATH 461, MATH 463 or STAT 400; one of MATH 225, MATH 257, MATH 415, MATH 416, ASRM 406, or BIOE 210."
CS 473,"Algorithms","Design and analysis techniques, approximation algorithms, randomized algorithms and amortized analysis, and advanced topics such as network flow, linear programming, and dynamic data structures, among others. Same as CSE 414 and MATH 473. 4 undergraduate hours. 4 graduate hours. Prerequisite: CS 374 or ECE 374, and one of CS 361, STAT 361, ECE 313, MATH 362, MATH 461, MATH 463 or STAT 400."
CS 474,"Logic in Computer Science","An introduction to mathematical logic from the perspective of computer science, emphasizing both computable aspects of logic, especially automated reasoning, as well as applications of logic to computer science in artificial intelligence, databases, formal methods, and theoretical computer science. Prepares students to use logic as a formal tool to solve problems in computer science and AI. Topics include: syntax, semantics and proofs for propositional and first order logic, the decidable logics and efficient realizations in terms of SAT/SMT solvers, decision and semi-decision procedures for first order logic and several first order logic theories, finite model theory and descriptive complexity. Additional topics include: connections between logic and machine learning, higher order logics, applications of logic to program verification, applications of logic in knowledge representation, proof complexity, modal and temporal logic, Courcelle s theorem and its applications in parameterized complexity, logic and its role in automatic program synthesis, connections between logic and database query languages. 3 undergraduate hours. 3 or 4 graduate hours. Prerequisite: CS 173; CS 225; one of CS 374 or ECE 374."
CS 475,"Formal Models of Computation","Finite automata and regular languages; pushdown automata and context-free languages; Turing machines and recursively enumerable sets; linear-bounded automata and context-sensitive languages; computability and the halting problem; undecidable problems; recursive functions; Chomsky hierarchy; computational complexity. Same as MATH 475. 3 undergraduate hours. 3 or 4 graduate hours. Prerequisite: CS 374 or ECE 374."
CS 476,"Program Verification","Formal methods for demonstrating correctness and other properties of programs. Invariant assertions; Hoare axiomatics; well-founded orderings for proving termination; structural induction; computational induction; data structures; parallel programs; overview of predicate calculus. 3 undergraduate hours. 3 or 4 graduate hours. Prerequisite: CS 225; one of CS 374, ECE 374 or MATH 414."
CS 477,"Formal Software Development Methods","Mathematical models, languages, and methods for software specification, development, and verification. Same as ECE 478. 3 undergraduate hours. 3 or 4 graduate hours. Prerequisite: CS 225; one of CS 374, ECE 374 or MATH 414."
CS 481,"Advanced Topics in Stochastic Processes & Applications","Modeling and analysis of stochastic processes. Transient and steady-state behavior of continuous-time Markov chains; renewal processes; models of queuing systems (birth-and-death models, embedded-Markov-chain models, queuing networks); reliability models; inventory models. Familiarity with discrete-time Markov chains, Poisson processes, and birth-and-death processes is assumed. Same as CS 481. 3 undergraduate hours. 4 graduate hours. Prerequisite: IE 310."
CS 482,"Simulation","Use of discrete-event simulation in modeling and analysis of complex systems. Data structures and event-list management; verification and validation of simulation models; input modeling, including selection of probability distributions and random variate generation; statistical analysis of output data. Same as CS 482. 3 undergraduate hours. 4 graduate hours. Prerequisite: CS 101 and IE 310."
CS 483,"Applied Parallel Programming","Parallel programming with emphasis on developing applications for processors with many computation cores. Computational thinking, forms of parallelism, programming models, mapping computations to parallel hardware, efficient data structures, paradigms for efficient parallel algorithms, and application case studies. Same as CS 483 and CSE 408. 4 undergraduate hours. 4 graduate hours. Prerequisite: ECE 220."
CS 484,"Parallel Programming","Techniques for the programming of all classes of parallel computers and devices including shared memory and distributed memory multiprocessors, SIMD processors and co-processors, and special purpose devices. Key concepts in parallel programming such as reactive and transformational programming, speculation, speedup, isoefficiency, and load balancing. Synchronization primitives, libraries and languages for parallel programming such as OpenMP and MPI, performance monitoring, program tuning, analysis and programming of numerical and symbolic parallel algorithms. 3 undergraduate hours. 3 or 4 graduate hours. Prerequisite: CS 241 or CS 341."
CS 491,"Seminar","Seminar on topics of current interest as announced in the Class Schedule. 0 to 4 undergraduate hours. 0 to 4 graduate hours. Approved for S/U grading only. May be repeated in the same or separate terms if topics vary to a maximum of 4 hours. Prerequisite: As specified for each topic offering, see Class Schedule or departmental course description."
CS 492,"Senior Project I","First part of a project course in computer science. Students work in teams to solve typical commercial or industrial problems. Work involves planning, design, and implementation. Extensive oral and written work is required both on-campus and possibly off-campus at sponsors' locations. CS 492 must be taken as a sequence with either CS 493 or CS 494.  No graduate credit. Credit is not given for both CS 492 and a project course in another engineering department for the same project. Prerequisite: For Computer Science majors with senior standing."
CS 493,"Senior Project II, ACP","Continuation of CS 492. Identical to CS 494 except for an additional writing component. See CS 494.  No graduate credit. Credit is not given for both CS 493 and a project course in another engineering department for the same project. Prerequisite: CS 492.This course satisfies the General Education Criteria for:Advanced Composition"
CS 494,"Senior Project II","Continuation of CS 492.  No graduate credit. Credit is not given for both CS 494 and a project course in another engineering department for the same project. Prerequisite: CS 492."
CS 497,"CS Team Project","Student teams work with CS faculty to complete a significant project requiring advanced knowledge of CS principles. Project topics vary. 1 to  No graduate credit. May be repeated in the same term up to 6 hours, if topics vary; may be repeated in separate terms. Prerequisite: For majors only; junior or senior standing required."
CS 498,"Special Topics","Subject offerings of new and developing areas of knowledge in computer science intended to augment the existing curriculum. See Class Schedule or departmental course information for topics and prerequisites. 1 to 4 undergraduate hours. 1 to 4 graduate hours. May be repeated in the same or separate terms if topics vary."
CS 499,"Senior Thesis","Research and thesis development experience in computer science under guidance of a faculty member. Literature search, oral presentation, analysis and implementation, paper preparation, and completion of a written thesis.  No graduate credit. May be repeated to a maximum of 6 hours. Prerequisite: Consent of instructor.This course satisfies the General Education Criteria for:Advanced Composition"
CS 500,"Current Topics in Computing Education Research","Current research topics and theories in Computers and Education with an emphasis on learning theories such as constructivism, behaviorism, cognitivism, knowledge-in-pieces, test-potentiated learning, and transfer of learning. These theories will be applied to understanding how students learn computing topics such as programming and theoretical computing. These topics will be applied through the design of ethically responsible educational research studies. The course will culminate in students writing a research proposal or conference-style research paper based upon pilot data.  No professional credit. May be repeated if topics vary. Credit towards a degree from multiple offerings of this course is not given if those offerings have significant overlap, as determined by the CS department."
CS 507,"Topics in Cryptography","Modern cryptography helps realize a variety of tasks: from computations on and proofs about secret data, to verifiably offloading computation to untrusted clients, to making programs unintelligible while preserving functionality, to testing untrusted quantum devices. Covers a selection of such cutting-edge topics in cryptography. We will understand how any adversary that counters the security of modern protocols can be transformed into an adversary that contradicts basic mathematical assumptions. We will understand key ideas in recent cryptography research and identify new directions and problems for the future. 4 graduate hours. No professional credit. May be repeated, up to 8 hours in a single term, to a total of 16 graduate hours, if topics vary. Credit is not given towards a degree from multiple offerings of this course if those offerings have significant overlap, as determined by the CS department. Prerequisite: Offerings in separate semesters may specify additional prerequisites each term, depending on the specific topic offered. See section information for additional details."
CS 508,"Manycore Parallel Algorithms","Algorithm techniques for enhancing the scalability of parallel software: scatter vs. gather, problem decomposition, spatial sorting and binning, privatization for reduced conflicts, tiling for data locality, regularization for improved load balance, compaction to conserve memory bandwidth, double-buffering to overlap latencies, and data layout for improved efficiency of DRAM accesses. Same as CS 508.  No professional credit. Prerequisite: ECE 408 or CS 420."
CS 510,"Advanced Information Retrieval","Advanced concepts, models, and algorithms in information retrieval and major recent developments in the field, including historical milestones in information retrieval research, evaluation methodology, vector space retrieval model, probabilistic retrieval models, learning to rank algorithms, probabilistic topic models, information retrieval systems, text analytics, and topics of research frontiers in information retrieval.  No professional credit. Prerequisite: One of CS 410, CS 412, CS 446, ECE 449 or LING 406."
CS 511,"Advanced Data Management","Advanced concepts in data management and information system design and implementation, and recent developments in the field. 1) Relational roots, objects and extensibility, query languages, data indexing, query processing, transaction processing, benchmarks, and 2) semi-structured data and unstructured data, information extraction, information integration, web search and mining, and other emerging directions in the field. Prerequisite: CS 411."
CS 512,"Data Mining Principles","An advanced course on principles and algorithms of data mining. Data cleaning and integration; descriptive and predictive mining; mining frequent, sequential, and structured patterns; clustering, outlier analysis and fraud detection; stream data, web, text, and biomedical data mining; security and privacy in data mining; research frontiers. Prerequisite: CS 412."
CS 513,"Theory & Practice of Data Cleaning","Data cleaning (also: cleansing) is the process of assessing and improving data quality for later analysis and use, and is a crucial part of data curation and analysis. This course identifies data quality issues throughout the data lifecycle, and reviews specific techniques and approaches for checking and improving data quality. Techniques are drawn primarily from the database community, using schema-level and instance-level information, and from different scientific communities, which are developing practical tools for data pre-processing and cleaning. Same as CS 513.  No professional credit."
CS 514,"Advanced Topics in Network Science","We shall discuss classic and recent research in network analysis. Advanced topics include individual decision-making models, game theory, mechanism design, social choice, social signal design, diffusion of behavior on a network, choice architecture, network models, network mining algorithms and applications.  No professional credit. May be repeated if topics vary. Credit is not given towards a degree from multiple offerings of this course, if those offerings have significant overlap, as determined by the CS department. Prerequisite: CS 412; one of CS 446 or ECE 449. Additional prerequisites or corequisites may be specified each term. See section information."
CS 519,"Scientific Visualization","Visualization techniques useful in analysis of engineering and scientific data. Physical models; methods of computational science; two- and three-dimensional data types; visual representation schemes for scalar, vector, and tensor data; isosurface and volume visualization methods; visual monitoring; interactive steering. Same as CSE 527.  No professional credit. Prerequisite: CS 418 or CSE 427."
CS 521,"Advanced Topics in Programming Systems","Advanced topics in building and verifying software systems, selected from areas of current research such as: model checking and automated verification, testing and automated test generation, program synthesis, runtime verification, machine learning and its applications in the design of verified systems, formal analysis of machine learning algorithms, principles of programming languages and type systems.  No professional credit. May be repeated if topics vary. Credit is not given towards a degree from multiple offerings of this course if those offerings have significant overlap, as determined by the CS department. Prerequisite: CS 374 or ECE 374; CS 421. Additional prerequisites or corequisites may be specified each term. See section information."
CS 522,"Programming Language Semantics","Theory of programming languages including functional programming, meta-circular interpreters, typed, untyped and polymorphic lambda-calculi, and denotational semantics. Prerequisite: CS 422 and CS 426."
CS 523,"Advanced Operating Systems","Advanced concepts in operating system design and coverage of recent research directions. Resource management for parallel and distributed systems. Interaction between operating system design and computer architectures. Process management, virtual memory, interprocess communication, context switching, parallel and distributed file system designs, persistent objects, process and data migration, load balancing, security, protection. Term projects.  No professional credit. Prerequisite: One of CS 423 or CSE 423; one of CS 425 or ECE 428; and one of CS 433 or CSE 422."
CS 524,"Concurrent Progrmg Languages","Theory of concurrency and concurrent programming languages. Formal models of concurrent computation such as process algebras, nets, and actors; high level concurrent programming languages and their operational semantics; methods for reasoning about correctness and complexity of concurrent programs.  No professional credit. Prerequisite: CS 422; one of CS 475, MATH 475 or CS 476."
CS 525,"Advanced Distributed Systems","Peer-to-peer systems, sensor networks, and fundamental theoretical distributed computing. Review of classical work in each area, and application of design methodologies to explore overlaps across them. Emphasis on protocol design, systems issues, and theory. Reading selections are roughly two-third classical to one-third contemporary. Students write critiques, make presentations, and create a conference paper in a systematic manner.  No professional credit. Prerequisite: One of CS 423, CSE 423, CS 425, ECE 428, CS 438 or ECE 438."
CS 526,"Advanced Compiler Construction","Incremental and interactive compiling, error correction, code optimization, models of code generators. Prerequisite: CS 426."
CS 527,"Topics in Software Engineering","Fault-tolerant software, software architecture, software patterns, multi-media software, and knowledge-based approaches to software engineering. Case studies.  No professional credit. Prerequisite: CS 428, CSE 429 or CS 429."
CS 528,"Obj-Oriented Progrmg & Design","Principles of object-oriented design; design patterns; use and design of frameworks; reflection, refractoring, use of unit tests as specifications.  No professional credit. Prerequisite: CS 427 or CSE 426."
CS 533,"Parallel Computer Architecture","Theoretical aspects of parallel and pipeline computation; time and processor bounds on classes of computations; data alignment network speed and cost bounds; conflict-free access memories; overall computer system ideas. Same as CSE 522.  No professional credit. Prerequisite: CS 433 or CSE 422."
CS 534,"Advanced Topics in Computer Architecture","Current topics in computer architecture, selected from areas of current research such as: energy efficiency, processing in memory, cloud computing, 3-D architectures, security and privacy, hardware and software resiliency, cross-stack design, heterogeneous platforms, approximate computing, mobile computing, machine learning accelerators, and novel computing technologies.  No professional credit. May be repeated, if topics vary. Credit is not given towards a degree from multiple offerings of this course, if those offerings have significant overlap, as determined by the CS department. Prerequisite: CS 433 or CSE 422. Additional prerequisites or co-requisites may be specified each term. See Class Schedule information."
CS 536,"Fault-Tolerant Dig Syst Design","Advanced concepts in hardware and software fault tolerance: fault models, coding in computer systems, module and system level fault detection mechanism, reconfiguration techniques in multiprocessor systems and VLSI processor arrays, and software fault tolerance techniques such as recovery blocks, N-version programming, checkpointing, and recovery; survey of practical fault-tolerant systems. Same as CS 536. Prerequisite: ECE 411."
CS 537,"Advanced Topics in Internet of Things (IoT)","Advanced topics in Internet of Things (IoT) algorithms, protocols, architectures, systems, and infrastructures, selected from areas of current research such as: IoT sensors representations and compression, streaming and caching of IoT data, IoT analytics and feature learning, IoT-edge-cloud computing infrastructures, resource optimization for multi-modal IoT systems, applications and human perception of IoT. Students will read and discuss recent research papers and conduct a semester-long research project.  No professional credit. May be repeated, if topics vary. Credit towards a degree from multiple offerings of this course is not given if those offerings have significant overlap, as determined by the CS department. Prerequisite: One of CS 425 or ECE 428; one of CS 438 or ECE 438. Additional prerequisites may be specified each term. See section information."
CS 538,"Advanced Computer Networks","Advanced concepts in computer networks, including congestion control, quality of service, naming, routing, wireless networks, Internet architecture, measurement, network security, and selected recent research directions.  No professional credit. Prerequisite: CS 438 or ECE 438."
CS 539,"Distributed Algorithms","Theoretical aspects of distributed algorithms, with an emphasis on formal proofs of correctness and theoretical performance analysis. Algorithms for consensus, clock synchronization, mutual exclusion, debugging of parallel programs, peer-to-peer networks, and distributed function computation; fault-tolerant distributed algorithms; distributed algorithms for wireless networks. Same as CS 539.  No professional credit. Prerequisite: One of CS 473, ECE 428, ECE 438."
CS 540,"Deep Learning Theory","A rigorous mathematical course covering foundational analyses of the approximation, optimization, and generalization properties of Deep Neural Networks. Topics include: constructive and non-constructive approximations with one hidden layer; benefits of depth; optimization in the NTK regime; maximum margin optimization outside the NTK regime; Rademacher complexity, VC dimensino, and covering number bounds for ReLU networks. Evaluation is primarily based on homeworks, with a smaller project component. The course goal is to prepare students perform their own research in the field.  No professional credit. Prerequisite: Basic linear algebra, probability, proof-writing, and statistics required. Real analysis recommended."
CS 541,"Computer Systems Analysis","Development of analytical models of computer systems and application of such models to performance evaluation: scheduling policies, paging algorithms, multiprogrammed resource management, and queuing theory. Same as CS 541. Prerequisite: One of ECE 313, MATH 461, MATH 463."
CS 542,"Statistical Reinforcement Learning","Theory of reinforcement learning, with a focus on sample complexity analyses. Specific topics include MDP basics, finite-sample analyses of online (i.e., exploration) and offline (i.e., batch) RL with a tabular representation, finite-sample analyses of online and offline RL with function approximation, state abstraction theory, off-policy evaluation (importance sampling), and policy gradient. The course goal is to provide a comprehensive understanding of the statistical properties of RL under various settings (e.g., online vs offline), preparing the students for doing research in the area.  No professional credit. Prerequisite: Calculus, linear algebra, probability and statistics, and basic concepts of machine learning. Familiarity with (at least one of) the following topics is highly recommended: stochastic processes, numerical analysis, and theoretical computer science."
CS 543,"Computer Vision","Information processing approaches to computer vision, algorithms, and architectures for artificial intelligence and robotics systems capable of vision: inference of three-dimensional properties of a scene from its images, such as distance, orientation, motion, size and shape, acquisition, and representation of spatial information for navigation and manipulation in robotics. Same as CS 543. Prerequisite: ECE 448 or CS 225."
CS 544,"Optimiz in Computer Vision","Applications of continuous and discrete optimization to problems in computer vision and machine learning, with particular emphasis on large-scale algorithms and effective approximations: gradient-based learning; Newton's method and variants, applied to structure from motion problems; the augmented Lagrangian method and variants; interior-point methods; SMO and other specialized algorithms for support vector machines; flows and cuts as examples of primal-dual methods; dynamics programming, hidden Markov models, and parsing: 0-1 quadratic forms, max-cut, and Markov random-fields solutions.  No professional credit. Prerequisite: One of CS 450, CSE 401, ECE 491, or MATH 450; one of CS 473, CSE 414 or MATH 473."
CS 545,"Machine Learning for Signal Processing","Fundamentals of machine learning and signal processing as they pertain to the development of machines that can understand complex real-world signals, such as speech, images, movies, music, biological and mechanical readings, etc. Hands-on examples of how to decompose, analyze, classify, detect and consolidate signals, and examine various commonplace operations such as finding faces from camera feeds, organizing personal music collections, designing speech dialog systems and understanding movie content.  No professional credit. Prerequisite: MATH 415; one of CS 361, STAT 361, MATH 461, MATH 463 or STAT 400."
CS 546,"Advanced Topics in Natural Language Processing","Advanced topics in natural language processing, ranging from general techniques such as deep learning for NLP to specific topics such as information extraction, knowledge acquisition, dialogue systems, language grounding, and natural language generation. Review of classic as well as state-of-the-art techniques and remaining challenges, and exploration of recent proposals for meeting these challenges. Intended for graduate students doing research in natural language processing.  No professional credit. May be repeated in separate terms up to 16 hours, if topics vary. Credit towards a degree from multiple offerings of this course is not given if those offerings have significant overlap, as determined by the CS department. Prerequisite: CS 447 and one of CS 446 or ECE 449, or equivalent background."
CS 547,"Deep Learning","Provides an introduction to neural networks and recent advances in deep learning. Topics include training and implementation of neural networks, convolution neural networks, recurrent neural networks (LSTM and gated recurrent), residual networks, reinforcement learning, and Q-learning with neural networks. A part of the course will especially focus on recent work in deep reinforcement learning. The course will also cover deep learning libraries (e.g., Chainer, Tensorflow) and how to train neural networks using GPUs and GPU clusters. Same as CS 547.  No professional credit. Credit is not given for both IE 534 and IE 434. Prerequisite: CS 446 or equivalent. Graduate students only."
CS 548,"Models of Cognitive Processes","Formal models and concepts in automated cognition; integrating machine learning and prior knowledge; current approaches and detailed analyses of the role of reasoning in the learning process; computational complexity and fundamental tradeoffs between expressiveness and tractability; implications for state-of-the-art artificial intelligence areas such as automated planning, the semantic web, relational learning, structured prediction, latent models, structure learning, theory formation, etc.; philosophical and psychological aspects of integrating analytic and empirical evidence. Same as ECE 548.  No professional credit. Prerequisite: One of CS 440, CS 446, ECE 448 or ECE 449."
CS 549,"Seminar in Cognitive Science","In-depth view of cognitive science: the study of mind and intelligence. Covers major areas of cognitive science including: anthropology, artificial intelligence, cognitive neuroscience, cognitive psychology, emotions, linguistics, and philosophy. Lectures focus on prominent questions and issues in each area highlighted by descriptions of current research. Also explores interconnections among these fields. Same as ANTH 514, CS 549, EPSY 551, LING 570, and PHIL 514. Prerequisite: Minimally second semester graduate standing in a cognitive science discipline including: anthropology, computer science, educational psychology, electrical engineering, linguistics, philosophy, psychology, or consent of instructor."
CS 554,"Parallel Numerical Algorithms","Numerical algorithms for parallel computers: parallel algorithms in numerical linear algebra (dense and sparse solvers for linear systems and the algebraic eigenvalue problem), numerical handling of ordinary and partial differential equations, and numerical optimization techniques. Same as CSE 512.  No professional credit. Prerequisite: One of CS 450, CSE 401, ECE 491, MATH 450, CS 457, CS 555, CSE 510 or MATH 552."
CS 555,"Numerical Methods for PDEs","Numerical techniques for initial and boundary value problems in partial differential equations. Finite difference and finite element discretization techniques, direct and iterative solution methods for discrete problems, and programming techniques and usage of software packages. Same as CSE 510 and MATH 552.  No professional credit. Prerequisite: CS 450, CSE 401, ECE 491, MATH 450 or CS 457."
CS 556,"Iterative & Multigrid Methods","Comprehensive treatment of algebraic and multigrid iterative methods to solve systems of equations, primarily linear equations arising from discretization of partial differential equations. Same as CSE 511."
CS 558,"Topics in Numerical Analysis","Advanced topics in numerical analysis selected from areas of current research. Same as CSE 513. May be repeated. Prerequisite: As specified for each topic offering, see Schedule or departmental course description."
CS 562,"Advanced Topics in Security, Privacy, and Machine Learning","Advanced topics in security and privacy problems in machine learning systems, selected from areas of current research such as: adversarial machine learning, differential privacy, game theory enabled defenses, robust learning methods, machine learning based cybercrime analysis, network intrusion detection, and malware analysis, and machine learning interpretation techniques.  No professional credit. May be repeated if topics vary. Credit is not given towards a degree from multiple offerings of this course if those offerings have significant overlap, as determined by the CS department. Prerequisite: One of CS 446 or ECE 449 and one of CS 463 or ECE 424, or equivalent courses, by consent of instructor. Additional prerequisites or corequisites may be specified each term. See section information."
CS 563,"Advanced Computer Security","Current research trends in computer and network security. Privacy, tamper-resistance, unwanted traffic, monitoring and surveillance, and critical infrastructure protection. Subtopics will vary depending upon current research trends. Students work in teams in close coordination with the course instructor to develop one of the topics in depth by carrying out background research and an exploratory project. Same as ECE 524.  No professional credit. Prerequisite: One of CS 461, CS 463, ECE 422 or ECE 424."
CS 565,"Human-Computer Interaction","In-depth coverage of advanced topics in human-computer interaction (HCI). Applied models of human performance and attention, design tools for creative design tasks, interruptions and peripheral displays, gestures, and bimanual input, and usability evaluation techniques. Students complete a research-oriented term project of their choosing. Prerequisite: CS 465."
CS 567,"Social Signals and Social Media","Online social interactions occur in many arenas important to society and human well-being, but are mediated through algorithmic interventions that alter the users expectations in these social spaces. This class explores the presentation of self, the presentation of collectives, the presentation of news, and social dynamics in these online spaces--and how algorithmic intervention shapes them from the perspective of social signaling theory. Topics covered include: the evolution of algorithmic matchmaking (as in online resume/interviews and dating sites), why people share misinformation, the mitigation of trolling, ethics, and bias in social media systems. Upon completion of this course, students will have an up-to-date understanding of the design social media interfaces with incentive structures from social signaling theory.  No professional credit. Prerequisite: CS 465 or equivalent or permission of instructor. Prioritize PhD students, then others."
CS 568,"User-Centered Machine Learning","Introduces guidelines, processes, and systems for designing effective user experiences powered by machine learning models. Topics include design tradeoffs unique to data-driven products and services such as automation versus control, precision versus recall, and personalization versus privacy. Readings from human computer-interaction, product design, cognitive science, machine learning, computer vision, and natural language processing frame in-class design exercises. Students work in teams on a multi-week research project creating or auditing data-driven experiences.  No professional credit. Prerequisite: CS 465 or equivalent course work."
CS 571,"Combinatorial Mathematics","Fundamental results on core topics of combinatorial mathematics: classical enumeration, basic graph theory, extremal problems on finite sets, probabilistic methods, design theory, discrete optimization. Same as CS 571. Prerequisite: Consent of instructor."
CS 572,"Extremal Graph Theory","Extremal problems and parameters for graphs. Distance and connectivity, matching and factors, vertex and edge colorings, perfect and imperfect graphs, intersection classes and intersection parameters, Turan's theorem, graph Ramsey theory, graph decomposition and other extremal problems. Same as CS 572. Prerequisite: MATH 580 or consent of instructor."
CS 573,"Algorithms","NP-completeness, design and analysis techniques, approximation algorithms, randomized algorithms, combinatorial optimization, linear programming. Intended for graduate students in Computer Science. Same as CSE 515.  No professional credit."
CS 574,"Randomized Algorithms","Basic and advanced concepts in the design and analysis of randomized algorithms. Sampling; concentration inequalities such as Chernoff-Hoeffding bounds; probabilistic method; random walks, dimension reduction; entropy; martingales and Azuma's inequality; derandomization. Randomized algorithms for sorting and searching; graphs; geometric problems. Basics of pseudorandomness and randomized complexity classes.  No professional credit. Prerequisite: One of CS 473, CSE 414, or MATH 473; one of MATH 461, MATH 463 or STAT 400."
CS 575,"Methods of Combinatorics","Combinatorial methods and other mathematical methods for combinatorial problems. Enumeration by bijections and generating functions, probabilistic methods for existence proofs and asymptotic analysis, randomized algorithms, Ramsey's theorem and related topics, combinatorial designs and their applications, geometric problems and methods. Same as CS 575. Prerequisite: MATH 580 or consent of instructor."
CS 576,"Topics in Automated Deduction","Advanced topics in computer-aided methods for formal deduction, selected from areas of current research, such as: resolution theorem proving strategies, special relations, equational reasoning, unification theory, rewrite systems, mathematical induction, program derivation, hybrid inference systems, and programming with logic. May be repeated in separate terms. Prerequisite: As specified for each topic offering, see Schedule or departmental course description."
CS 579,"Computational Complexity","Turing machines; determinism and non-determinism; time and space hierarchy theorems; speed-up and tape compression; Blum axioms; structure of complexity classes NP, P, NL, L, and PSPACE; complete problems; randomness and complexity classes RP, RL, and BPP; alternation, polynomial-time hierarchy; circuit complexity, parallel complexity, NC, and RNC; relativized computational complexity; time-space trade-offs. Same as ECE 579.  No professional credit. Prerequisite: One of CS 473, CSE 414, MATH 473, CS 475 or MATH 475."
CS 580,"Topics in Algorithmic Game Theory","A theoretical CS course covering advances in algorithmic game theory. This includes study of strategic, computational, learning, dynamic, and fairness aspects of games and markets (organizations that involves rational and strategic agents). In particular, topics will include computation and complexity of equilibria, mechanism design, fair-division, dynamics in games and markets, price-of-anarchy etc.. These topics arise from applications such as online marketplaces (like Lyft, Uber, eBay, sponsored search, TaskRabbit), social networks, recommendation systems, kidney exchange, spectrum auction, etc., and thereby will prepare students for related research and/or industry jobs.  No professional credit. Prerequisite: CS 473."
CS 581,"Algorithmic Genomic Biology","Gives each student enough background and training in the area of algorithmic genomic biology so that each will be able to do research in this area, and publish papers. The main focus of the course is phylogeny (evolutionary tree) estimation, multiple sequence alignment, and genome-scale phylogenetics, which are problems that present very interesting challenges from a computational and statistical standpoint. Time permitting, we will also discuss computational problems in microbiome analysis, protein function and structure prediction, genome assembly, and even historical linguistics. Students will learn the mathematical and computational foundations in these areas, read the current literature, and do a team research project. The course is designed for doctoral students in computer science, computer engineering, bioengineering, mathematics, and statistics, and does not depend on any prior background in biology. The technical material will depend on discrete algorithms, graph theory, simulations, and probabilistic analysis of algorithms.  No professional credit. Prerequisite: One of CS 374 or ECE 374 and one of CS 361 or STAT 361, or consent of instructor."
CS 582,"Machine Learning for Bioinformatics","This graduate course on bioinformatics introduces a selection of topics in computational biology and bioinformatics, with special emphasis on current problems in regulatory genomics and systems biology. Computational approaches discussed will focus on Machine Learning techniques such as Bayesian inference, graphical models, supervised learning and network analysis. Bioinformatics topics will be introduced through lectures by instructor and research paper presentations by students, and include regulatory sequence analysis, cistromics, epigenomics, regulatory network reconstruction, non-coding variant interpretation, and protein structure and function prediction. A research project involving real data analysis with techniques related to course content is mandatory and will help prepare students for bioinformatics research.  No professional credit. Prerequisite: CS 446 or ECE 449; Credit or concurrent enrollment in CS 466; or consent of instructor."
CS 583,"Approximation Algorithms","Approximation algorithms for NP-hard problems. Basic and advanced techniques in approximation algorithm design: combinatorial algorithms; mathematical programming methods including linear and semi-definite programming, local search methods, and others. Algorithms for graphs and networks, constraint satisfaction, packing and scheduling.  No professional credit. Prerequisite: CS 573, CSE 515 or consent of instructor."
CS 584,"Embedded System Verification","Examines formal analysis an synthesis approaches for discrete, continuous, and hybrid models of computing systems and their physical environment. Introduces timed and hybrid automata models. Analysis techniques including model checking, Hoare-style deduction, and abstractions for safety and stability, and controller synthesis strategies with applications in distributed robotics, automobile system, traffic control, and real-time systems. Same as CS 584.  No professional credit. Prerequisite: MATH 257 or equivalent."
CS 585,"Hardware Verification","This course teaches algorithms for verification that are applied to very large scale hardware in the chip design industry. The course teaches symbolic model checking, Binary decision diagrams (BDDs), satisfiability (SAT) based algorithms, symbolic simulation, coverage metrics for simulation, automatic assertion generation, analog circuit verification and post Silicon validation algorithms. The course teaches scalable search algorithms that can be applied to discrete and continuous space models. Same as CS 585.  No professional credit."
CS 586,"Combinatorial Optimization","The course will cover a series of topics in combinatorial optimization. The emphasis will be on polyhedral theory, structural results and their applications to designing algorithms. Specific topics to be covered include: Matchings, b-matchings, T-joins, T-cuts, Arborescences, Branchings, Matroids, Matroid Intersection, Polymatroids, Submodular Functions, Directed Cuts, Multi-flows. Same as CS 586.  No professional credit. Prerequisite: Familiarity with linear programs (IE 411 or equivalent), Algorithms (CS 374 or equivalent), and Graph Theory (MATH 412 or equivalent)."
CS 588,"Autonomous Vehicle System Engineering","Will introduce students to the computational principles involved in autonomous vehicles, with practical labwork on an actual vehicle. Sensing topics will include vision, lidar and sonar sensing, including state-of-the-art methods for detection, classification, and segmentation. Bayesian filtering methods will be covered in the context of both SLAM and visual tracking. Planning and control topics will cover vehicle dynamics models, state-lattice planning, sampling-based kinodynamic planning, optimal control and trajectory optimization, and some reinforcement learning. Evaluation will involve ambitious challenge projects implemented on a physical vehicle.  No professional credit. Prerequisite: CS 374, ECE 374, ECE 484, or equivalent."
CS 591,"Advanced Seminar","Seminar on topics of current interest as announced in the Class Schedule. Approved for S/U grading only. May be repeated in the same or separate terms if topics vary. Prerequisite: As specified for each topic offering, see Class Schedule or departmental course description."
CS 597,"Individual Study","Individual study or reading in a subject not covered in normal course offerings. May be repeated. Prerequisite: Consent of instructor."
CS 598,"Special Topics","Subject offerings of new and developing areas of knowledge in computer science intended to augment the existing curriculum. See Class Schedule or departmental course information for topics and prerequisites. May be repeated in the same or separate terms if topics vary."
CS 599,"Thesis Research","Approved for S/U grading only. May be repeated."
